1, https://a0.muscache.com/im/pictures/miso/Hosting-44552310/original/3914cc46-8881-41cd-8090-33e679305107.jpeg?im_w=1200
1, https://a0.muscache.com/im/pictures/67f4ea10-0e7e-41f5-a2b6-190215610d41.jpg?im_w=720
1, https://a0.muscache.com/im/pictures/584e8ac9-67d8-4e27-a40c-d67293d298c0.jpg?im_w=720
1, https://a0.muscache.com/im/pictures/5f1bc8eb-ddb6-4e4b-bc94-22c6fa740bb8.jpg?im_w=720
1, https://a0.muscache.com/im/pictures/miso/Hosting-44552310/original/409863fc-7057-4f0e-93b2-3f0fa9daed17.jpeg?im_w=720
2, https://a0.muscache.com/im/pictures/dd9e507a-ea75-4634-bbdd-77c2ceb9adbf.jpg?im_w=1200
2, https://a0.muscache.com/im/pictures/b71b2c8d-5ca7-4326-aa59-9811985f7320.jpg?im_w=720
2, https://a0.muscache.com/im/pictures/934d9bb8-0c34-4a3e-85f5-e7b722855b00.jpg?im_w=720
2, https://a0.muscache.com/im/pictures/613cf352-4052-4ea3-ac14-8adad0836adb.jpg?im_w=720
2, https://a0.muscache.com/im/pictures/ff0277b5-2013-4dca-af1d-83ace4ee875a.jpg?im_w=720
3, https://a0.muscache.com/im/pictures/a317fbfd-e121-4bcb-ac8b-f5720aaa016d.jpg?im_w=1200
3, https://a0.muscache.com/im/pictures/8a518449-1d87-4f5b-91db-e40e759db974.jpg?im_w=720
3, https://a0.muscache.com/im/pictures/cd05cf09-c7cf-4058-b6eb-f030bd4b76f4.jpg?im_w=720
3, https://a0.muscache.com/im/pictures/4725d94b-3f3b-4567-b5d1-bb08a3a131a0.jpg?im_w=720
3, https://a0.muscache.com/im/pictures/9273d0a4-a6de-422f-a33b-ea7f78c36504.jpg?im_w=720
